Workbook

Sheet Inputs
B2: MATRIX OUTCOME MODEL
B3: Adjust the 7 input sliders. Everything else is computed.
B5: INPUT FORCES | C5: Value (0-100) | D5: Default | E5: Description
B6: AI Acceleration | C6: 50 | D6: 50 | E6: Rate of AI capability growth
B7: Climate Crisis | C7: 50 | D7: 50 | E7: Severity of climate disruption
B8: Neural Interface Tech | C8: 50 | D8: 50 | E8: Brain-computer interface progress
B9: Corporate Power | C9: 50 | D9: 50 | E9: Concentration of corporate control
B10: Demographic Collapse | C10: 50 | D10: 50 | E10: Rate of population decline
B11: Digital Immersion | C11: 50 | D11: 50 | E11: Share of life in digital environments
B12: Global Convergence | C12: 50 | D12: 50 | E12: Whether regions converge or diverge
B14: MODEL PARAMETERS
B15: k (steepness) | C15: 0.065 | E15: Controls transition speed — ~68yr from 10% to 90%
B16: Latest arrival year | C16: 2125 | E16: Arrival year when pressure = 0
B17: Arrival range (years) | C17: 70 | E17: How many years earlier when pressure = 100
B18: Tier 2 lag (years) | C18: 5 | E18: Extra delay before downstream outcomes kick in
B20: HOW IT WORKS
B21: 1. Each outcome has a 'pressure' (0-100) = weighted sum of inputs
B22: 2. Pressure determines the 'arrival year' — when that outcome crosses 50%
B23: 3. Higher pressure = earlier arrival = the crisis comes sooner
B24: 4. The outcome over time is a sigmoid: always 0→100, just shifted
B25: 5. Formula: outcome(year) = 100 / (1 + EXP(-k × (year - arrival_year)))
B26: 6. Moment of Matrix = weighted average of all 5 outcomes
B28: → Go to the 'Outcomes' tab to see the weight matrix
B29: → Go to the 'Timeline' tab to see the projections

Sheet Outcomes
B2: OUTCOME WEIGHT MATRIX
B3: Weights show how much each input contributes to each outcome. Pressure & arrival are computed.
B5: Outcome | C5: AI Accel | D5: Climate | E5: Neural | F5: Corporate | G5: Demographic | H5: Digital | I5: Global | K5: Pressure | L5: Arrival Year
B6: (input values →) | C6: =Inputs!C6 | D6: =Inputs!C7 | E6: =Inputs!C8 | F6: =Inputs!C9 | G6: =Inputs!C10 | H6: =Inputs!C11 | I6: =Inputs!C12
B8: Meaning Crisis | C8: 0.25 | D8: 0 | E8: 0 | F8: 0.2 | G8: 0.2 | H8: 0.35 | I8: 0 | K8: =C8*C6+D8*D6+E8*E6+F8*F6+G8*G6+H8*H6+I8*I6 | L8: =Inputs!C16-(K8/100)*Inputs!C17
B9: Trust Collapse | C9: 0.25 | D9: 0.25 | E9: 0 | F9: 0.3 | G9: 0 | H9: 0.2 | I9: 0 | K9: =C9*C6+D9*D6+E9*E6+F9*F6+G9*G6+H9*H6+I9*I6 | L9: =Inputs!C16-(K9/100)*Inputs!C17
B10: Pod Economics | C10: 0.25 | D10: 0 | E10: 0.3 | F10: 0.25 | G10: 0 | H10: 0 | I10: 0.2 | K10: =C10*C6+D10*D6+E10*E6+F10*F6+G10*G6+H10*H6+I10*I6 | L10: =Inputs!C16-(K10/100)*Inputs!C17
B11: Escapism / Spiritual (Tier 2) | C11: 0 | D11: 0.2 | E11: 0.2 | F11: 0 | G11: 0 | H11: 0.25 | I11: 0 | K11: =K8*0.35+0.2*D6+0.2*E6+0.25*H6 | L11: =Inputs!C16-(K11/100)*Inputs!C17+Inputs!C18
B12: Economic Withdrawal (Tier 2) | C12: 0.35 | D12: 0 | E12: 0 | F12: 0.25 | G12: 0 | H12: 0 | I12: 0 | K12: =C6*0.35+K8*0.40+F6*0.25 | L12: =Inputs!C16-(K12/100)*Inputs!C17+Inputs!C18
B14: MOMENT OF MATRIX | K14: Weight
B15: Meaning Crisis | K15: 0.2
B16: Trust Collapse | K16: 0.15
B17: Pod Economics | K17: 0.15
B18: Escapism / Spiritual | K18: 0.25
B19: Economic Withdrawal | K19: 0.25

Sheet Timeline
B2: TIMELINE PROJECTIONS
B3: All values are live formulas. Change inputs on the Inputs tab and watch these update.
B4: Formula: 100 / (1 + EXP(-k × (year - arrival_year)))
B6: Year | C6: Meaning Crisis | D6: Trust Collapse | E6: Pod Economics | F6: Escapism | G6: Withdrawal | I6: MATRIX
B7: 2025 | C7: =ROUND(100/(1+EXP(-Inputs!C15*(B7-Outcomes!L8))),0) | D7: =ROUND(100/(1+EXP(-Inputs!C15*(B7-Outcomes!L9))),0) | E7: =ROUND(100/(1+EXP(-Inputs!C15*(B7-Outcomes!L10))),0) | F7: =ROUND(100/(1+EXP(-Inputs!C15*(B7-Outcomes!L11))),0) | G7: =ROUND(100/(1+EXP(-Inputs!C15*(B7-Outcomes!L12))),0) | I7: =ROUND(C7*Outcomes!K15+D7*Outcomes!K16+E7*Outcomes!K17+F7*Outcomes!K18+G7*Outcomes!K19,0)
B8: 2030 | C8: =ROUND(100/(1+EXP(-Inputs!C15*(B8-Outcomes!L8))),0) | D8: =ROUND(100/(1+EXP(-Inputs!C15*(B8-Outcomes!L9))),0) | E8: =ROUND(100/(1+EXP(-Inputs!C15*(B8-Outcomes!L10))),0) | F8: =ROUND(100/(1+EXP(-Inputs!C15*(B8-Outcomes!L11))),0) | G8: =ROUND(100/(1+EXP(-Inputs!C15*(B8-Outcomes!L12))),0) | I8: =ROUND(C8*Outcomes!K15+D8*Outcomes!K16+E8*Outcomes!K17+F8*Outcomes!K18+G8*Outcomes!K19,0)
B9: 2035 | C9: =ROUND(100/(1+EXP(-Inputs!C15*(B9-Outcomes!L8))),0) | D9: =ROUND(100/(1+EXP(-Inputs!C15*(B9-Outcomes!L9))),0) | E9: =ROUND(100/(1+EXP(-Inputs!C15*(B9-Outcomes!L10))),0) | F9: =ROUND(100/(1+EXP(-Inputs!C15*(B9-Outcomes!L11))),0) | G9: =ROUND(100/(1+EXP(-Inputs!C15*(B9-Outcomes!L12))),0) | I9: =ROUND(C9*Outcomes!K15+D9*Outcomes!K16+E9*Outcomes!K17+F9*Outcomes!K18+G9*Outcomes!K19,0)
B10: 2040 | C10: =ROUND(100/(1+EXP(-Inputs!C15*(B10-Outcomes!L8))),0) | D10: =ROUND(100/(1+EXP(-Inputs!C15*(B10-Outcomes!L9))),0) | E10: =ROUND(100/(1+EXP(-Inputs!C15*(B10-Outcomes!L10))),0) | F10: =ROUND(100/(1+EXP(-Inputs!C15*(B10-Outcomes!L11))),0) | G10: =ROUND(100/(1+EXP(-Inputs!C15*(B10-Outcomes!L12))),0) | I10: =ROUND(C10*Outcomes!K15+D10*Outcomes!K16+E10*Outcomes!K17+F10*Outcomes!K18+G10*Outcomes!K19,0)
B11: 2045 | C11: =ROUND(100/(1+EXP(-Inputs!C15*(B11-Outcomes!L8))),0) | D11: =ROUND(100/(1+EXP(-Inputs!C15*(B11-Outcomes!L9))),0) | E11: =ROUND(100/(1+EXP(-Inputs!C15*(B11-Outcomes!L10))),0) | F11: =ROUND(100/(1+EXP(-Inputs!C15*(B11-Outcomes!L11))),0) | G11: =ROUND(100/(1+EXP(-Inputs!C15*(B11-Outcomes!L12))),0) | I11: =ROUND(C11*Outcomes!K15+D11*Outcomes!K16+E11*Outcomes!K17+F11*Outcomes!K18+G11*Outcomes!K19,0)
B12: 2050 | C12: =ROUND(100/(1+EXP(-Inputs!C15*(B12-Outcomes!L8))),0) | D12: =ROUND(100/(1+EXP(-Inputs!C15*(B12-Outcomes!L9))),0) | E12: =ROUND(100/(1+EXP(-Inputs!C15*(B12-Outcomes!L10))),0) | F12: =ROUND(100/(1+EXP(-Inputs!C15*(B12-Outcomes!L11))),0) | G12: =ROUND(100/(1+EXP(-Inputs!C15*(B12-Outcomes!L12))),0) | I12: =ROUND(C12*Outcomes!K15+D12*Outcomes!K16+E12*Outcomes!K17+F12*Outcomes!K18+G12*Outcomes!K19,0)
B13: 2055 | C13: =ROUND(100/(1+EXP(-Inputs!C15*(B13-Outcomes!L8))),0) | D13: =ROUND(100/(1+EXP(-Inputs!C15*(B13-Outcomes!L9))),0) | E13: =ROUND(100/(1+EXP(-Inputs!C15*(B13-Outcomes!L10))),0) | F13: =ROUND(100/(1+EXP(-Inputs!C15*(B13-Outcomes!L11))),0) | G13: =ROUND(100/(1+EXP(-Inputs!C15*(B13-Outcomes!L12))),0) | I13: =ROUND(C13*Outcomes!K15+D13*Outcomes!K16+E13*Outcomes!K17+F13*Outcomes!K18+G13*Outcomes!K19,0)
B14: 2060 | C14: =ROUND(100/(1+EXP(-Inputs!C15*(B14-Outcomes!L8))),0) | D14: =ROUND(100/(1+EXP(-Inputs!C15*(B14-Outcomes!L9))),0) | E14: =ROUND(100/(1+EXP(-Inputs!C15*(B14-Outcomes!L10))),0) | F14: =ROUND(100/(1+EXP(-Inputs!C15*(B14-Outcomes!L11))),0) | G14: =ROUND(100/(1+EXP(-Inputs!C15*(B14-Outcomes!L12))),0) | I14: =ROUND(C14*Outcomes!K15+D14*Outcomes!K16+E14*Outcomes!K17+F14*Outcomes!K18+G14*Outcomes!K19,0)
B15: 2065 | C15: =ROUND(100/(1+EXP(-Inputs!C15*(B15-Outcomes!L8))),0) | D15: =ROUND(100/(1+EXP(-Inputs!C15*(B15-Outcomes!L9))),0) | E15: =ROUND(100/(1+EXP(-Inputs!C15*(B15-Outcomes!L10))),0) | F15: =ROUND(100/(1+EXP(-Inputs!C15*(B15-Outcomes!L11))),0) | G15: =ROUND(100/(1+EXP(-Inputs!C15*(B15-Outcomes!L12))),0) | I15: =ROUND(C15*Outcomes!K15+D15*Outcomes!K16+E15*Outcomes!K17+F15*Outcomes!K18+G15*Outcomes!K19,0)
B16: 2070 | C16: =ROUND(100/(1+EXP(-Inputs!C15*(B16-Outcomes!L8))),0) | D16: =ROUND(100/(1+EXP(-Inputs!C15*(B16-Outcomes!L9))),0) | E16: =ROUND(100/(1+EXP(-Inputs!C15*(B16-Outcomes!L10))),0) | F16: =ROUND(100/(1+EXP(-Inputs!C15*(B16-Outcomes!L11))),0) | G16: =ROUND(100/(1+EXP(-Inputs!C15*(B16-Outcomes!L12))),0) | I16: =ROUND(C16*Outcomes!K15+D16*Outcomes!K16+E16*Outcomes!K17+F16*Outcomes!K18+G16*Outcomes!K19,0)
B17: 2075 | C17: =ROUND(100/(1+EXP(-Inputs!C15*(B17-Outcomes!L8))),0) | D17: =ROUND(100/(1+EXP(-Inputs!C15*(B17-Outcomes!L9))),0) | E17: =ROUND(100/(1+EXP(-Inputs!C15*(B17-Outcomes!L10))),0) | F17: =ROUND(100/(1+EXP(-Inputs!C15*(B17-Outcomes!L11))),0) | G17: =ROUND(100/(1+EXP(-Inputs!C15*(B17-Outcomes!L12))),0) | I17: =ROUND(C17*Outcomes!K15+D17*Outcomes!K16+E17*Outcomes!K17+F17*Outcomes!K18+G17*Outcomes!K19,0)
B18: 2080 | C18: =ROUND(100/(1+EXP(-Inputs!C15*(B18-Outcomes!L8))),0) | D18: =ROUND(100/(1+EXP(-Inputs!C15*(B18-Outcomes!L9))),0) | E18: =ROUND(100/(1+EXP(-Inputs!C15*(B18-Outcomes!L10))),0) | F18: =ROUND(100/(1+EXP(-Inputs!C15*(B18-Outcomes!L11))),0) | G18: =ROUND(100/(1+EXP(-Inputs!C15*(B18-Outcomes!L12))),0) | I18: =ROUND(C18*Outcomes!K15+D18*Outcomes!K16+E18*Outcomes!K17+F18*Outcomes!K18+G18*Outcomes!K19,0)
B19: 2085 | C19: =ROUND(100/(1+EXP(-Inputs!C15*(B19-Outcomes!L8))),0) | D19: =ROUND(100/(1+EXP(-Inputs!C15*(B19-Outcomes!L9))),0) | E19: =ROUND(100/(1+EXP(-Inputs!C15*(B19-Outcomes!L10))),0) | F19: =ROUND(100/(1+EXP(-Inputs!C15*(B19-Outcomes!L11))),0) | G19: =ROUND(100/(1+EXP(-Inputs!C15*(B19-Outcomes!L12))),0) | I19: =ROUND(C19*Outcomes!K15+D19*Outcomes!K16+E19*Outcomes!K17+F19*Outcomes!K18+G19*Outcomes!K19,0)
B20: 2090 | C20: =ROUND(100/(1+EXP(-Inputs!C15*(B20-Outcomes!L8))),0) | D20: =ROUND(100/(1+EXP(-Inputs!C15*(B20-Outcomes!L9))),0) | E20: =ROUND(100/(1+EXP(-Inputs!C15*(B20-Outcomes!L10))),0) | F20: =ROUND(100/(1+EXP(-Inputs!C15*(B20-Outcomes!L11))),0) | G20: =ROUND(100/(1+EXP(-Inputs!C15*(B20-Outcomes!L12))),0) | I20: =ROUND(C20*Outcomes!K15+D20*Outcomes!K16+E20*Outcomes!K17+F20*Outcomes!K18+G20*Outcomes!K19,0)
B21: 2095 | C21: =ROUND(100/(1+EXP(-Inputs!C15*(B21-Outcomes!L8))),0) | D21: =ROUND(100/(1+EXP(-Inputs!C15*(B21-Outcomes!L9))),0) | E21: =ROUND(100/(1+EXP(-Inputs!C15*(B21-Outcomes!L10))),0) | F21: =ROUND(100/(1+EXP(-Inputs!C15*(B21-Outcomes!L11))),0) | G21: =ROUND(100/(1+EXP(-Inputs!C15*(B21-Outcomes!L12))),0) | I21: =ROUND(C21*Outcomes!K15+D21*Outcomes!K16+E21*Outcomes!K17+F21*Outcomes!K18+G21*Outcomes!K19,0)
B22: 2100 | C22: =ROUND(100/(1+EXP(-Inputs!C15*(B22-Outcomes!L8))),0) | D22: =ROUND(100/(1+EXP(-Inputs!C15*(B22-Outcomes!L9))),0) | E22: =ROUND(100/(1+EXP(-Inputs!C15*(B22-Outcomes!L10))),0) | F22: =ROUND(100/(1+EXP(-Inputs!C15*(B22-Outcomes!L11))),0) | G22: =ROUND(100/(1+EXP(-Inputs!C15*(B22-Outcomes!L12))),0) | I22: =ROUND(C22*Outcomes!K15+D22*Outcomes!K16+E22*Outcomes!K17+F22*Outcomes!K18+G22*Outcomes!K19,0)
B23: 2105 | C23: =ROUND(100/(1+EXP(-Inputs!C15*(B23-Outcomes!L8))),0) | D23: =ROUND(100/(1+EXP(-Inputs!C15*(B23-Outcomes!L9))),0) | E23: =ROUND(100/(1+EXP(-Inputs!C15*(B23-Outcomes!L10))),0) | F23: =ROUND(100/(1+EXP(-Inputs!C15*(B23-Outcomes!L11))),0) | G23: =ROUND(100/(1+EXP(-Inputs!C15*(B23-Outcomes!L12))),0) | I23: =ROUND(C23*Outcomes!K15+D23*Outcomes!K16+E23*Outcomes!K17+F23*Outcomes!K18+G23*Outcomes!K19,0)
B24: 2110 | C24: =ROUND(100/(1+EXP(-Inputs!C15*(B24-Outcomes!L8))),0) | D24: =ROUND(100/(1+EXP(-Inputs!C15*(B24-Outcomes!L9))),0) | E24: =ROUND(100/(1+EXP(-Inputs!C15*(B24-Outcomes!L10))),0) | F24: =ROUND(100/(1+EXP(-Inputs!C15*(B24-Outcomes!L11))),0) | G24: =ROUND(100/(1+EXP(-Inputs!C15*(B24-Outcomes!L12))),0) | I24: =ROUND(C24*Outcomes!K15+D24*Outcomes!K16+E24*Outcomes!K17+F24*Outcomes!K18+G24*Outcomes!K19,0)
B25: 2115 | C25: =ROUND(100/(1+EXP(-Inputs!C15*(B25-Outcomes!L8))),0) | D25: =ROUND(100/(1+EXP(-Inputs!C15*(B25-Outcomes!L9))),0) | E25: =ROUND(100/(1+EXP(-Inputs!C15*(B25-Outcomes!L10))),0) | F25: =ROUND(100/(1+EXP(-Inputs!C15*(B25-Outcomes!L11))),0) | G25: =ROUND(100/(1+EXP(-Inputs!C15*(B25-Outcomes!L12))),0) | I25: =ROUND(C25*Outcomes!K15+D25*Outcomes!K16+E25*Outcomes!K17+F25*Outcomes!K18+G25*Outcomes!K19,0)
B26: 2120 | C26: =ROUND(100/(1+EXP(-Inputs!C15*(B26-Outcomes!L8))),0) | D26: =ROUND(100/(1+EXP(-Inputs!C15*(B26-Outcomes!L9))),0) | E26: =ROUND(100/(1+EXP(-Inputs!C15*(B26-Outcomes!L10))),0) | F26: =ROUND(100/(1+EXP(-Inputs!C15*(B26-Outcomes!L11))),0) | G26: =ROUND(100/(1+EXP(-Inputs!C15*(B26-Outcomes!L12))),0) | I26: =ROUND(C26*Outcomes!K15+D26*Outcomes!K16+E26*Outcomes!K17+F26*Outcomes!K18+G26*Outcomes!K19,0)
B27: 2125 | C27: =ROUND(100/(1+EXP(-Inputs!C15*(B27-Outcomes!L8))),0) | D27: =ROUND(100/(1+EXP(-Inputs!C15*(B27-Outcomes!L9))),0) | E27: =ROUND(100/(1+EXP(-Inputs!C15*(B27-Outcomes!L10))),0) | F27: =ROUND(100/(1+EXP(-Inputs!C15*(B27-Outcomes!L11))),0) | G27: =ROUND(100/(1+EXP(-Inputs!C15*(B27-Outcomes!L12))),0) | I27: =ROUND(C27*Outcomes!K15+D27*Outcomes!K16+E27*Outcomes!K17+F27*Outcomes!K18+G27*Outcomes!K19,0)
B28: 2130 | C28: =ROUND(100/(1+EXP(-Inputs!C15*(B28-Outcomes!L8))),0) | D28: =ROUND(100/(1+EXP(-Inputs!C15*(B28-Outcomes!L9))),0) | E28: =ROUND(100/(1+EXP(-Inputs!C15*(B28-Outcomes!L10))),0) | F28: =ROUND(100/(1+EXP(-Inputs!C15*(B28-Outcomes!L11))),0) | G28: =ROUND(100/(1+EXP(-Inputs!C15*(B28-Outcomes!L12))),0) | I28: =ROUND(C28*Outcomes!K15+D28*Outcomes!K16+E28*Outcomes!K17+F28*Outcomes!K18+G28*Outcomes!K19,0)
B29: 2135 | C29: =ROUND(100/(1+EXP(-Inputs!C15*(B29-Outcomes!L8))),0) | D29: =ROUND(100/(1+EXP(-Inputs!C15*(B29-Outcomes!L9))),0) | E29: =ROUND(100/(1+EXP(-Inputs!C15*(B29-Outcomes!L10))),0) | F29: =ROUND(100/(1+EXP(-Inputs!C15*(B29-Outcomes!L11))),0) | G29: =ROUND(100/(1+EXP(-Inputs!C15*(B29-Outcomes!L12))),0) | I29: =ROUND(C29*Outcomes!K15+D29*Outcomes!K16+E29*Outcomes!K17+F29*Outcomes!K18+G29*Outcomes!K19,0)
B30: 2140 | C30: =ROUND(100/(1+EXP(-Inputs!C15*(B30-Outcomes!L8))),0) | D30: =ROUND(100/(1+EXP(-Inputs!C15*(B30-Outcomes!L9))),0) | E30: =ROUND(100/(1+EXP(-Inputs!C15*(B30-Outcomes!L10))),0) | F30: =ROUND(100/(1+EXP(-Inputs!C15*(B30-Outcomes!L11))),0) | G30: =ROUND(100/(1+EXP(-Inputs!C15*(B30-Outcomes!L12))),0) | I30: =ROUND(C30*Outcomes!K15+D30*Outcomes!K16+E30*Outcomes!K17+F30*Outcomes!K18+G30*Outcomes!K19,0)
B31: 2145 | C31: =ROUND(100/(1+EXP(-Inputs!C15*(B31-Outcomes!L8))),0) | D31: =ROUND(100/(1+EXP(-Inputs!C15*(B31-Outcomes!L9))),0) | E31: =ROUND(100/(1+EXP(-Inputs!C15*(B31-Outcomes!L10))),0) | F31: =ROUND(100/(1+EXP(-Inputs!C15*(B31-Outcomes!L11))),0) | G31: =ROUND(100/(1+EXP(-Inputs!C15*(B31-Outcomes!L12))),0) | I31: =ROUND(C31*Outcomes!K15+D31*Outcomes!K16+E31*Outcomes!K17+F31*Outcomes!K18+G31*Outcomes!K19,0)
B32: 2150 | C32: =ROUND(100/(1+EXP(-Inputs!C15*(B32-Outcomes!L8))),0) | D32: =ROUND(100/(1+EXP(-Inputs!C15*(B32-Outcomes!L9))),0) | E32: =ROUND(100/(1+EXP(-Inputs!C15*(B32-Outcomes!L10))),0) | F32: =ROUND(100/(1+EXP(-Inputs!C15*(B32-Outcomes!L11))),0) | G32: =ROUND(100/(1+EXP(-Inputs!C15*(B32-Outcomes!L12))),0) | I32: =ROUND(C32*Outcomes!K15+D32*Outcomes!K16+E32*Outcomes!K17+F32*Outcomes!K18+G32*Outcomes!K19,0)
